ID,Full Name,Email,Program,Department
3151,Student 0,student_0@demo.local,Licence Informatique,Departement de l'Informatique
3152,Student 1,student_1@demo.local,Licence Informatique,Departement de l'Informatique
3161,Student 10,student_10@demo.local,Licence Informatique,Departement de l'Informatique
3162,Student 11,student_11@demo.local,Licence Informatique,Departement de l'Informatique
3163,Student 12,student_12@demo.local,Licence Informatique,Departement de l'Informatique
3164,Student 13,student_13@demo.local,Licence Informatique,Departement de l'Informatique
3165,Student 14,student_14@demo.local,Licence Informatique,Departement de l'Informatique
3166,Student 15,student_15@demo.local,Licence Informatique,Departement de l'Informatique
3167,Student 16,student_16@demo.local,Licence Informatique,Departement de l'Informatique
3168,Student 17,student_17@demo.local,Licence Informatique,Departement de l'Informatique
3169,Student 18,student_18@demo.local,Licence Informatique,Departement de l'Informatique
3170,Student 19,student_19@demo.local,Licence Informatique,Departement de l'Informatique
3153,Student 2,student_2@demo.local,Licence Informatique,Departement de l'Informatique
3171,Student 20,student_20@demo.local,Licence Informatique,Departement de l'Informatique
3172,Student 21,student_21@demo.local,Licence Informatique,Departement de l'Informatique
3173,Student 22,student_22@demo.local,Licence Informatique,Departement de l'Informatique
3174,Student 23,student_23@demo.local,Licence Informatique,Departement de l'Informatique
3175,Student 24,student_24@demo.local,Licence Informatique,Departement de l'Informatique
3176,Student 25,student_25@demo.local,Licence Informatique,Departement de l'Informatique
3177,Student 26,student_26@demo.local,Licence Informatique,Departement de l'Informatique
3178,Student 27,student_27@demo.local,Licence Informatique,Departement de l'Informatique
3179,Student 28,student_28@demo.local,Licence Informatique,Departement de l'Informatique
3180,Student 29,student_29@demo.local,Licence Informatique,Departement de l'Informatique
3154,Student 3,student_3@demo.local,Licence Informatique,Departement de l'Informatique
3181,Student 30,student_30@demo.local,Licence Informatique,Departement de l'Informatique
3182,Student 31,student_31@demo.local,Licence Informatique,Departement de l'Informatique
3183,Student 32,student_32@demo.local,Licence Informatique,Departement de l'Informatique
3184,Student 33,student_33@demo.local,Licence Informatique,Departement de l'Informatique
3185,Student 34,student_34@demo.local,Licence Informatique,Departement de l'Informatique
3186,Student 35,student_35@demo.local,Licence Informatique,Departement de l'Informatique
3187,Student 36,student_36@demo.local,Licence Informatique,Departement de l'Informatique
3188,Student 37,student_37@demo.local,Licence Informatique,Departement de l'Informatique
3189,Student 38,student_38@demo.local,Licence Informatique,Departement de l'Informatique
3190,Student 39,student_39@demo.local,Licence Informatique,Departement de l'Informatique
3155,Student 4,student_4@demo.local,Licence Informatique,Departement de l'Informatique
3191,Student 40,student_40@demo.local,Licence Informatique,Departement de l'Informatique
3192,Student 41,student_41@demo.local,Licence Informatique,Departement de l'Informatique
3193,Student 42,student_42@demo.local,Licence Informatique,Departement de l'Informatique
3194,Student 43,student_43@demo.local,Licence Informatique,Departement de l'Informatique
3195,Student 44,student_44@demo.local,Licence Informatique,Departement de l'Informatique
3196,Student 45,student_45@demo.local,Licence Informatique,Departement de l'Informatique
3197,Student 46,student_46@demo.local,Licence Informatique,Departement de l'Informatique
3198,Student 47,student_47@demo.local,Licence Informatique,Departement de l'Informatique
3199,Student 48,student_48@demo.local,Licence Informatique,Departement de l'Informatique
3200,Student 49,student_49@demo.local,Licence Informatique,Departement de l'Informatique
3156,Student 5,student_5@demo.local,Licence Informatique,Departement de l'Informatique
3157,Student 6,student_6@demo.local,Licence Informatique,Departement de l'Informatique
3158,Student 7,student_7@demo.local,Licence Informatique,Departement de l'Informatique
3159,Student 8,student_8@demo.local,Licence Informatique,Departement de l'Informatique
3160,Student 9,student_9@demo.local,Licence Informatique,Departement de l'Informatique
3148,Student Test User,student@example.com,Horticultural consultant Studies,Department of Series
